"main_label","person_count","lying_count","moving_count","breathing_count","scenario_note","source","estimated_time_sec","frame","num_detected_obj","num_tlvs","packet_len","tlv_summary","has_vital","target_id","range_bin","breath_deviation","heart_rate","breath_rate","raw_radar","raw_vital"
"one_breathing_one_walking","2","1","1","1","one lying person breathing, one person walking back and forth on the same path","pasted_text","0.00","3","0","1","52","1021:4","0","","","","","","RADAR,3,0,1,52,1021:4",""
"one_breathing_one_walking","2","1","1","1","one lying person breathing, one person walking back and forth on the same path","pasted_text","0.63","10","0","1","52","1021:4","0","","","","","","RADAR,10,0,1,52,1021:4",""
"one_breathing_one_walking","2","1","1","1","one lying person breathing, one person walking back and forth on the same path","pasted_text","1.17","16","24","3","416","1020:212;1021:4;1040:136","1","0","15","0.0014","80.4","0.0","RADAR,16,24,3,416,1020:212;1021:4;1040:136","VITAL,16,id=0,rangeBin=15,breathDev=0.0014,heartRate=80.4,breathRate=0.0"
"one_breathing_one_walking","2","1","1","1","one lying person breathing, one person walking back and forth on the same path","pasted_text","1.71","22","149","3","1392","1020:1212;1010:112;1021:4","0","","","","","","RADAR,22,149,3,1392,1020:1212;1010:112;1021:4",""
"one_breathing_one_walking","2","1","1","1","one lying person breathing, one person walking back and forth on the same path","pasted_text","2.25","28","76","4","897","1020:628;1010:112;1011:81;1021:4","0","","","","","","RADAR,28,76,4,897,1020:628;1010:112;1011:81;1021:4",""
"one_breathing_one_walking","2","1","1","1","one lying person breathing, one person walking back and forth on the same path","pasted_text","2.79","34","139","4","1469","1020:1132;1010:112;1011:149;1021:4","0","","","","","","RADAR,34,139,4,1469,1020:1132;1010:112;1011:149;1021:4",""
"one_breathing_one_walking","2","1","1","1","one lying person breathing, one person walking back and forth on the same path","pasted_text","3.33","40","149","4","1549","1020:1212;1010:112;1011:149;1021:4","0","","","","","","RADAR,40,149,4,1549,1020:1212;1010:112;1011:149;1021:4",""
"one_breathing_one_walking","2","1","1","1","one lying person breathing, one person walking back and forth on the same path","pasted_text","3.87","46","149","4","1549","1020:1212;1010:112;1011:149;1021:4","0","","","","","","RADAR,46,149,4,1549,1020:1212;1010:112;1011:149;1021:4",""
"one_breathing_one_walking","2","1","1","1","one lying person breathing, one person walking back and forth on the same path","pasted_text","4.41","52","66","4","845","1020:548;1010:112;1011:109;1021:4","0","","","","","","RADAR,52,66,4,845,1020:548;1010:112;1011:109;1021:4",""
"one_breathing_one_walking","2","1","1","1","one lying person breathing, one person walking back and forth on the same path","pasted_text","4.95","58","64","4","843","1020:532;1010:112;1011:123;1021:4","0","","","","","","RADAR,58,64,4,843,1020:532;1010:112;1011:123;1021:4",""
"one_breathing_one_walking","2","1","1","1","one lying person breathing, one person walking back and forth on the same path","pasted_text","5.49","64","2","5","370","1020:36;1010:112;1011:2;1021:4;1040:136","1","0","23","0.0047","70.3","18.4","RADAR,64,2,5,370,1020:36;1010:112;1011:2;1021:4;1040:136","VITAL,64,id=0,rangeBin=23,breathDev=0.0047,heartRate=70.3,breathRate=18.4"
"one_breathing_one_walking","2","1","1","1","one lying person breathing, one person walking back and forth on the same path","pasted_text","6.03","70","74","4","884","1020:612;1010:112;1011:84;1021:4","0","","","","","","RADAR,70,74,4,884,1020:612;1010:112;1011:84;1021:4",""
"one_breathing_one_walking","2","1","1","1","one lying person breathing, one person walking back and forth on the same path","pasted_text","6.57","76","62","4","780","1020:516;1010:112;1011:76;1021:4","0","","","","","","RADAR,76,62,4,780,1020:516;1010:112;1011:76;1021:4",""
"one_breathing_one_walking","2","1","1","1","one lying person breathing, one person walking back and forth on the same path","pasted_text","7.11","82","3","4","236","1020:44;1010:112;1011:4;1021:4","0","","","","","","RADAR,82,3,4,236,1020:44;1010:112;1011:4;1021:4",""
"one_breathing_one_walking","2","1","1","1","one lying person breathing, one person walking back and forth on the same path","pasted_text","7.65","88","0","2","172","1010:112;1021:4","0","","","","","","RADAR,88,0,2,172,1010:112;1021:4",""
"one_breathing_one_walking","2","1","1","1","one lying person breathing, one person walking back and forth on the same path","pasted_text","8.19","94","0","2","172","1010:112;1021:4","0","","","","","","RADAR,94,0,2,172,1010:112;1021:4",""
"one_breathing_one_walking","2","1","1","1","one lying person breathing, one person walking back and forth on the same path","pasted_text","8.73","100","0","2","172","1010:112;1021:4","0","","","","","","RADAR,100,0,2,172,1010:112;1021:4",""
"one_breathing_one_walking","2","1","1","1","one lying person breathing, one person walking back and forth on the same path","pasted_text","9.27","106","1","3","208","1020:28;1010:112;1021:4","0","","","","","","RADAR,106,1,3,208,1020:28;1010:112;1021:4",""
"one_breathing_one_walking","2","1","1","1","one lying person breathing, one person walking back and forth on the same path","pasted_text","9.81","112","0","3","316","1010:112;1021:4;1040:136","1","0","68","0.0220","77.0","13.4","RADAR,112,0,3,316,1010:112;1021:4;1040:136","VITAL,112,id=0,rangeBin=68,breathDev=0.0220,heartRate=77.0,breathRate=13.4"
"one_breathing_one_walking","2","1","1","1","one lying person breathing, one person walking back and forth on the same path","pasted_text","10.35","118","0","3","182","1010:112;1011:2;1021:4","0","","","","","","RADAR,118,0,3,182,1010:112;1011:2;1021:4",""
"one_breathing_one_walking","2","1","1","1","one lying person breathing, one person walking back and forth on the same path","pasted_text","10.89","124","0","2","172","1010:112;1021:4","0","","","","","","RADAR,124,0,2,172,1010:112;1021:4",""
"one_breathing_one_walking","2","1","1","1","one lying person breathing, one person walking back and forth on the same path","pasted_text","11.43","130","0","2","172","1010:112;1021:4","0","","","","","","RADAR,130,0,2,172,1010:112;1021:4",""
"one_breathing_one_walking","2","1","1","1","one lying person breathing, one person walking back and forth on the same path","pasted_text","11.97","136","0","2","172","1010:112;1021:4","0","","","","","","RADAR,136,0,2,172,1010:112;1021:4",""
"one_breathing_one_walking","2","1","1","1","one lying person breathing, one person walking back and forth on the same path","pasted_text","12.51","142","0","2","172","1010:112;1021:4","0","","","","","","RADAR,142,0,2,172,1010:112;1021:4",""
"one_breathing_one_walking","2","1","1","1","one lying person breathing, one person walking back and forth on the same path","pasted_text","13.05","148","0","2","172","1010:112;1021:4","0","","","","","","RADAR,148,0,2,172,1010:112;1021:4",""
"one_breathing_one_walking","2","1","1","1","one lying person breathing, one person walking back and forth on the same path","pasted_text","13.59","154","0","2","172","1010:112;1021:4","0","","","","","","RADAR,154,0,2,172,1010:112;1021:4",""
"one_breathing_one_walking","2","1","1","1","one lying person breathing, one person walking back and forth on the same path","pasted_text","14.13","160","0","3","316","1010:112;1021:4;1040:136","1","0","68","0.0560","65.3","15.1","RADAR,160,0,3,316,1010:112;1021:4;1040:136","VITAL,160,id=0,rangeBin=68,breathDev=0.0560,heartRate=65.3,breathRate=15.1"
"one_breathing_one_walking","2","1","1","1","one lying person breathing, one person walking back and forth on the same path","pasted_text","14.76","167","0","2","172","1010:112;1021:4","0","","","","","","RADAR,167,0,2,172,1010:112;1021:4",""
"one_breathing_one_walking","2","1","1","1","one lying person breathing, one person walking back and forth on the same path","pasted_text","15.30","173","0","2","172","1010:112;1021:4","0","","","","","","RADAR,173,0,2,172,1010:112;1021:4",""
"one_breathing_one_walking","2","1","1","1","one lying person breathing, one person walking back and forth on the same path","pasted_text","15.84","179","0","2","172","1010:112;1021:4","0","","","","","","RADAR,179,0,2,172,1010:112;1021:4",""
"one_breathing_one_walking","2","1","1","1","one lying person breathing, one person walking back and forth on the same path","pasted_text","16.38","185","0","2","172","1010:112;1021:4","0","","","","","","RADAR,185,0,2,172,1010:112;1021:4",""
"one_breathing_one_walking","2","1","1","1","one lying person breathing, one person walking back and forth on the same path","pasted_text","16.92","191","0","2","172","1010:112;1021:4","0","","","","","","RADAR,191,0,2,172,1010:112;1021:4",""
"one_breathing_one_walking","2","1","1","1","one lying person breathing, one person walking back and forth on the same path","pasted_text","17.46","197","0","3","181","1010:112;1011:1;1021:4","0","","","","","","RADAR,197,0,3,181,1010:112;1011:1;1021:4",""
"one_breathing_one_walking","2","1","1","1","one lying person breathing, one person walking back and forth on the same path","pasted_text","18.00","203","0","2","172","1010:112;1021:4","0","","","","","","RADAR,203,0,2,172,1010:112;1021:4",""
"one_breathing_one_walking","2","1","1","1","one lying person breathing, one person walking back and forth on the same path","pasted_text","18.54","209","0","2","172","1010:112;1021:4","0","","","","","","RADAR,209,0,2,172,1010:112;1021:4",""
"one_breathing_one_walking","2","1","1","1","one lying person breathing, one person walking back and forth on the same path","pasted_text","19.08","215","0","2","172","1010:112;1021:4","0","","","","","","RADAR,215,0,2,172,1010:112;1021:4",""
"one_breathing_one_walking","2","1","1","1","one lying person breathing, one person walking back and forth on the same path","pasted_text","19.62","221","82","4","964","1020:676;1010:112;1011:100;1021:4","0","","","","","","RADAR,221,82,4,964,1020:676;1010:112;1011:100;1021:4",""
"one_breathing_one_walking","2","1","1","1","one lying person breathing, one person walking back and forth on the same path","pasted_text","20.16","227","71","4","861","1020:588;1010:112;1011:85;1021:4","0","","","","","","RADAR,227,71,4,861,1020:588;1010:112;1011:85;1021:4",""
"one_breathing_one_walking","2","1","1","1","one lying person breathing, one person walking back and forth on the same path","pasted_text","20.70","233","63","4","820","1020:524;1010:112;1011:108;1021:4","0","","","","","","RADAR,233,63,4,820,1020:524;1010:112;1011:108;1021:4",""
"one_breathing_one_walking","2","1","1","1","one lying person breathing, one person walking back and forth on the same path","pasted_text","21.24","239","96","4","1065","1020:788","0","","","","","","RADAR,239,96,4,1065,1020:788",""
"one_breathing_one_walking","2","1","1","1","one lying person breathing, one person walking back and forth on the same path","pasted_text","21.87","246","116","4","1182","1020:948;1010:112;1011:46;1021:4","0","","","","","","RADAR,246,116,4,1182,1020:948;1010:112;1011:46;1021:4",""
"one_breathing_one_walking","2","1","1","1","one lying person breathing, one person walking back and forth on the same path","pasted_text","22.41","252","149","4","1495","1020:1212;1010:112;1011:95;1021:4","0","","","","","","RADAR,252,149,4,1495,1020:1212;1010:112;1011:95;1021:4",""
"one_breathing_one_walking","2","1","1","1","one lying person breathing, one person walking back and forth on the same path","pasted_text","22.95","258","149","4","1480","1020:1212;1010:112;1011:80;1021:4","0","","","","","","RADAR,258,149,4,1480,1020:1212;1010:112;1011:80;1021:4",""
"one_breathing_one_walking","2","1","1","1","one lying person breathing, one person walking back and forth on the same path","pasted_text","23.49","264","123","4","1341","1020:1004;1010:112;1011:149;1021:4","0","","","","","","RADAR,264,123,4,1341,1020:1004;1010:112;1011:149;1021:4",""
"one_breathing_one_walking","2","1","1","1","one lying person breathing, one person walking back and forth on the same path","pasted_text","24.03","270","91","4","1072","1020:748;1010:112;1011:136;1021:4","0","","","","","","RADAR,270,91,4,1072,1020:748;1010:112;1011:136;1021:4",""
"one_breathing_one_walking","2","1","1","1","one lying person breathing, one person walking back and forth on the same path","pasted_text","24.57","276","110","4","1179","1020:900;1010:112;1011:91;1021:4","0","","","","","","RADAR,276,110,4,1179,1020:900;1010:112;1011:91;1021:4",""
"one_breathing_one_walking","2","1","1","1","one lying person breathing, one person walking back and forth on the same path","pasted_text","25.11","282","57","4","730","1020:476","0","","","","","","RADAR,282,57,4,730,1020:476",""
"one_breathing_one_walking","2","1","1","1","one lying person breathing, one person walking back and forth on the same path","pasted_text","25.74","289","0","3","181","1010:112;1011:1;1021:4","0","","","","","","RADAR,289,0,3,181,1010:112;1011:1;1021:4",""
"one_breathing_one_walking","2","1","1","1","one lying person breathing, one person walking back and forth on the same path","pasted_text","26.28","295","0","2","172","1010:112;1021:4","0","","","","","","RADAR,295,0,2,172,1010:112;1021:4",""
"one_breathing_one_walking","2","1","1","1","one lying person breathing, one person walking back and forth on the same path","pasted_text","26.82","301","0","2","172","1010:112;1021:4","0","","","","","","RADAR,301,0,2,172,1010:112;1021:4",""
"one_breathing_one_walking","2","1","1","1","one lying person breathing, one person walking back and forth on the same path","pasted_text","27.36","307","0","2","172","1010:112;1021:4","0","","","","","","RADAR,307,0,2,172,1010:112;1021:4",""
"one_breathing_one_walking","2","1","1","1","one lying person breathing, one person walking back and forth on the same path","pasted_text","27.90","313","0","2","172","1010:112;1021:4","0","","","","","","RADAR,313,0,2,172,1010:112;1021:4",""
"one_breathing_one_walking","2","1","1","1","one lying person breathing, one person walking back and forth on the same path","pasted_text","28.44","319","1","3","208","1020:28;1010:112;1021:4","0","","","","","","RADAR,319,1,3,208,1020:28;1010:112;1021:4",""
"one_breathing_one_walking","2","1","1","1","one lying person breathing, one person walking back and forth on the same path","pasted_text","28.98","325","0","2","172","1010:112;1021:4","0","","","","","","RADAR,325,0,2,172,1010:112;1021:4",""
"one_breathing_one_walking","2","1","1","1","one lying person breathing, one person walking back and forth on the same path","pasted_text","29.52","331","24","3","392","1020:212;1010:112;1021:4","0","","","","","","RADAR,331,24,3,392,1020:212;1010:112;1021:4",""
"one_breathing_one_walking","2","1","1","1","one lying person breathing, one person walking back and forth on the same path","pasted_text","30.06","337","41","4","618","1020:348;1010:112;1011:82;1021:4","0","","","","","","RADAR,337,41,4,618,1020:348;1010:112;1011:82;1021:4",""
"one_breathing_one_walking","2","1","1","1","one lying person breathing, one person walking back and forth on the same path","pasted_text","30.51","342","149","4","1402","1020:1212;0:0","0","","","","","","RADAR,342,149,4,1402,1020:1212;0:0",""
"one_breathing_one_walking","2","1","1","1","one lying person breathing, one person walking back and forth on the same path","pasted_text","31.14","349","141","4","1464","1020:1148;1010:112;1011:128;1021:4","0","","","","","","RADAR,349,141,4,1464,1020:1148;1010:112;1011:128;1021:4",""
"one_breathing_one_walking","2","1","1","1","one lying person breathing, one person walking back and forth on the same path","pasted_text","31.68","355","80","4","951","1020:660;1010:112;1011:103;1021:4","0","","","","","","RADAR,355,80,4,951,1020:660;1010:112;1011:103;1021:4",""
"one_breathing_one_walking","2","1","1","1","one lying person breathing, one person walking back and forth on the same path","pasted_text","32.13","360","80","4","997","1020:660","0","","","","","","RADAR,360,80,4,997,1020:660",""
"one_breathing_one_walking","2","1","1","1","one lying person breathing, one person walking back and forth on the same path","pasted_text","32.67","366","149","4","1456","1020:1212","0","","","","","","RADAR,366,149,4,1456,1020:1212",""
"one_breathing_one_walking","2","1","1","1","one lying person breathing, one person walking back and forth on the same path","pasted_text","33.30","373","24","4","496","1020:212;1010:112;1011:96;1021:4","0","","","","","","RADAR,373,24,4,496,1020:212;1010:112;1011:96;1021:4",""
"one_breathing_one_walking","2","1","1","1","one lying person breathing, one person walking back and forth on the same path","pasted_text","33.84","379","61","4","745","1020:508;1010:112;1011:49;1021:4","0","","","","","","RADAR,379,61,4,745,1020:508;1010:112;1011:49;1021:4",""
"one_breathing_one_walking","2","1","1","1","one lying person breathing, one person walking back and forth on the same path","pasted_text","34.38","385","108","4","1096","1020:884;1010:112;1011:24;1021:4","0","","","","","","RADAR,385,108,4,1096,1020:884;1010:112;1011:24;1021:4",""
"one_breathing_one_walking","2","1","1","1","one lying person breathing, one person walking back and forth on the same path","pasted_text","34.83","390","76","4","893","1020:628;28672:0","0","","","","","","RADAR,390,76,4,893,1020:628;28672:0",""
"one_breathing_one_walking","2","1","1","1","one lying person breathing, one person walking back and forth on the same path","pasted_text","35.46","397","0","2","172","1010:112;1021:4","0","","","","","","RADAR,397,0,2,172,1010:112;1021:4",""
"one_breathing_one_walking","2","1","1","1","one lying person breathing, one person walking back and forth on the same path","pasted_text","36.00","403","0","2","172","1010:112;1021:4","0","","","","","","RADAR,403,0,2,172,1010:112;1021:4",""
"one_breathing_one_walking","2","1","1","1","one lying person breathing, one person walking back and forth on the same path","pasted_text","36.54","409","0","2","172","1010:112;1021:4","0","","","","","","RADAR,409,0,2,172,1010:112;1021:4",""
"one_breathing_one_walking","2","1","1","1","one lying person breathing, one person walking back and forth on the same path","pasted_text","37.08","415","2","3","216","1020:36;1010:112;1021:4","0","","","","","","RADAR,415,2,3,216,1020:36;1010:112;1021:4",""
"one_breathing_one_walking","2","1","1","1","one lying person breathing, one person walking back and forth on the same path","pasted_text","37.62","421","0","2","172","1010:112;1021:4","0","","","","","","RADAR,421,0,2,172,1010:112;1021:4",""
"one_breathing_one_walking","2","1","1","1","one lying person breathing, one person walking back and forth on the same path","pasted_text","38.16","427","0","2","172","1010:112;1021:4","0","","","","","","RADAR,427,0,2,172,1010:112;1021:4",""
"one_breathing_one_walking","2","1","1","1","one lying person breathing, one person walking back and forth on the same path","pasted_text","38.70","433","0","2","172","1010:112;1021:4","0","","","","","","RADAR,433,0,2,172,1010:112;1021:4",""
"one_breathing_one_walking","2","1","1","1","one lying person breathing, one person walking back and forth on the same path","pasted_text","39.24","439","0","2","172","1010:112;1021:4","0","","","","","","RADAR,439,0,2,172,1010:112;1021:4",""
"one_breathing_one_walking","2","1","1","1","one lying person breathing, one person walking back and forth on the same path","pasted_text","39.78","445","0","2","172","1010:112;1021:4","0","","","","","","RADAR,445,0,2,172,1010:112;1021:4",""
"one_breathing_one_walking","2","1","1","1","one lying person breathing, one person walking back and forth on the same path","pasted_text","40.32","451","0","2","172","1010:112;1021:4","0","","","","","","RADAR,451,0,2,172,1010:112;1021:4",""
"one_breathing_one_walking","2","1","1","1","one lying person breathing, one person walking back and forth on the same path","pasted_text","40.86","457","0","2","172","1010:112;1021:4","0","","","","","","RADAR,457,0,2,172,1010:112;1021:4",""
"one_breathing_one_walking","2","1","1","1","one lying person breathing, one person walking back and forth on the same path","pasted_text","41.40","463","0","2","172","1010:112;1021:4","0","","","","","","RADAR,463,0,2,172,1010:112;1021:4",""
"one_breathing_one_walking","2","1","1","1","one lying person breathing, one person walking back and forth on the same path","pasted_text","41.94","469","0","2","172","1010:112;1021:4","0","","","","","","RADAR,469,0,2,172,1010:112;1021:4",""
"one_breathing_one_walking","2","1","1","1","one lying person breathing, one person walking back and forth on the same path","pasted_text","42.48","475","0","2","172","1010:112;1021:4","0","","","","","","RADAR,475,0,2,172,1010:112;1021:4",""
"one_breathing_one_walking","2","1","1","1","one lying person breathing, one person walking back and forth on the same path","pasted_text","43.02","481","0","2","172","1010:112;1021:4","0","","","","","","RADAR,481,0,2,172,1010:112;1021:4",""
"one_breathing_one_walking","2","1","1","1","one lying person breathing, one person walking back and forth on the same path","pasted_text","43.56","487","0","2","172","1010:112;1021:4","0","","","","","","RADAR,487,0,2,172,1010:112;1021:4",""
"one_breathing_one_walking","2","1","1","1","one lying person breathing, one person walking back and forth on the same path","pasted_text","44.10","493","0","2","172","1010:112;1021:4","0","","","","","","RADAR,493,0,2,172,1010:112;1021:4",""
"one_breathing_one_walking","2","1","1","1","one lying person breathing, one person walking back and forth on the same path","pasted_text","44.64","499","0","2","172","1010:112;1021:4","0","","","","","","RADAR,499,0,2,172,1010:112;1021:4",""
"one_breathing_one_walking","2","1","1","1","one lying person breathing, one person walking back and forth on the same path","pasted_text","45.18","505","0","2","172","1010:112;1021:4","0","","","","","","RADAR,505,0,2,172,1010:112;1021:4",""
"one_breathing_one_walking","2","1","1","1","one lying person breathing, one person walking back and forth on the same path","pasted_text","45.72","511","0","2","172","1010:112;1021:4","0","","","","","","RADAR,511,0,2,172,1010:112;1021:4",""
"one_breathing_one_walking","2","1","1","1","one lying person breathing, one person walking back and forth on the same path","pasted_text","46.26","517","0","2","172","1010:112;1021:4","0","","","","","","RADAR,517,0,2,172,1010:112;1021:4",""
"one_breathing_one_walking","2","1","1","1","one lying person breathing, one person walking back and forth on the same path","pasted_text","46.80","523","0","2","172","1010:112;1021:4","0","","","","","","RADAR,523,0,2,172,1010:112;1021:4",""
"one_breathing_one_walking","2","1","1","1","one lying person breathing, one person walking back and forth on the same path","pasted_text","47.34","529","0","2","172","1010:112;1021:4","0","","","","","","RADAR,529,0,2,172,1010:112;1021:4",""
"one_breathing_one_walking","2","1","1","1","one lying person breathing, one person walking back and forth on the same path","pasted_text","47.88","535","0","2","172","1010:112;1021:4","0","","","","","","RADAR,535,0,2,172,1010:112;1021:4",""
"one_breathing_one_walking","2","1","1","1","one lying person breathing, one person walking back and forth on the same path","pasted_text","48.42","541","3","3","224","1020:44;1010:112;1021:4","0","","","","","","RADAR,541,3,3,224,1020:44;1010:112;1021:4",""
"one_breathing_one_walking","2","1","1","1","one lying person breathing, one person walking back and forth on the same path","pasted_text","48.96","547","78","4","897","1020:644;1010:112;1011:65;1021:4","0","","","","","","RADAR,547,78,4,897,1020:644;1010:112;1011:65;1021:4",""
"one_breathing_one_walking","2","1","1","1","one lying person breathing, one person walking back and forth on the same path","pasted_text","49.50","553","77","4","890","1020:636;1010:112;1011:66;1021:4","0","","","","","","RADAR,553,77,4,890,1020:636;1010:112;1011:66;1021:4",""
"one_breathing_one_walking","2","1","1","1","one lying person breathing, one person walking back and forth on the same path","pasted_text","50.04","559","75","4","930","1020:620;1010:112;1011:122;1021:4","0","","","","","","RADAR,559,75,4,930,1020:620;1010:112;1011:122;1021:4",""
"one_breathing_one_walking","2","1","1","1","one lying person breathing, one person walking back and forth on the same path","pasted_text","50.58","565","2","4","294","1020:36;1010:112;1011:70;1021:4","0","","","","","","RADAR,565,2,4,294,1020:36;1010:112;1011:70;1021:4",""
"one_breathing_one_walking","2","1","1","1","one lying person breathing, one person walking back and forth on the same path","pasted_text","51.12","571","100","4","1114","1020:820","0","","","","","","RADAR,571,100,4,1114,1020:820",""
"one_breathing_one_walking","2","1","1","1","one lying person breathing, one person walking back and forth on the same path","pasted_text","51.75","578","149","4","1549","1020:1212;1010:112;1011:149;1021:4","0","","","","","","RADAR,578,149,4,1549,1020:1212;1010:112;1011:149;1021:4",""
"one_breathing_one_walking","2","1","1","1","one lying person breathing, one person walking back and forth on the same path","pasted_text","52.20","583","149","4","1458","1020:1212","0","","","","","","RADAR,583,149,4,1458,1020:1212",""
"one_breathing_one_walking","2","1","1","1","one lying person breathing, one person walking back and forth on the same path","pasted_text","52.74","589","149","4","1511","1020:1212","0","","","","","","RADAR,589,149,4,1511,1020:1212",""
"one_breathing_one_walking","2","1","1","1","one lying person breathing, one person walking back and forth on the same path","pasted_text","53.37","596","89","4","962","1020:732","0","","","","","","RADAR,596,89,4,962,1020:732",""
"one_breathing_one_walking","2","1","1","1","one lying person breathing, one person walking back and forth on the same path","pasted_text","54.00","603","4","4","247","1020:52;1010:112;1011:7;1021:4","0","","","","","","RADAR,603,4,4,247,1020:52;1010:112;1011:7;1021:4",""
"one_breathing_one_walking","2","1","1","1","one lying person breathing, one person walking back and forth on the same path","pasted_text","54.54","609","0","3","182","1010:112;1011:2;1021:4","0","","","","","","RADAR,609,0,3,182,1010:112;1011:2;1021:4",""
"one_breathing_one_walking","2","1","1","1","one lying person breathing, one person walking back and forth on the same path","pasted_text","55.08","615","0","2","172","1010:112;1021:4","0","","","","","","RADAR,615,0,2,172,1010:112;1021:4",""
"one_breathing_one_walking","2","1","1","1","one lying person breathing, one person walking back and forth on the same path","pasted_text","55.62","621","0","3","181","1010:112;1011:1;1021:4","0","","","","","","RADAR,621,0,3,181,1010:112;1011:1;1021:4",""
"one_breathing_one_walking","2","1","1","1","one lying person breathing, one person walking back and forth on the same path","pasted_text","56.16","627","0","2","172","1010:112;1021:4","0","","","","","","RADAR,627,0,2,172,1010:112;1021:4",""
"one_breathing_one_walking","2","1","1","1","one lying person breathing, one person walking back and forth on the same path","pasted_text","56.70","633","0","2","172","1010:112;1021:4","0","","","","","","RADAR,633,0,2,172,1010:112;1021:4",""
"one_breathing_one_walking","2","1","1","1","one lying person breathing, one person walking back and forth on the same path","pasted_text","57.24","639","0","2","172","1010:112;1021:4","0","","","","","","RADAR,639,0,2,172,1010:112;1021:4",""
"one_breathing_one_walking","2","1","1","1","one lying person breathing, one person walking back and forth on the same path","pasted_text","57.78","645","0","1","52","1021:4","0","","","","","","RADAR,645,0,1,52,1021:4",""
"one_breathing_one_walking","2","1","1","1","one lying person breathing, one person walking back and forth on the same path","pasted_text","58.32","651","0","1","52","1021:4","0","","","","","","RADAR,651,0,1,52,1021:4",""
"one_breathing_one_walking","2","1","1","1","one lying person breathing, one person walking back and forth on the same path","pasted_text","58.86","657","0","1","52","1021:4","0","","","","","","RADAR,657,0,1,52,1021:4",""
"one_breathing_one_walking","2","1","1","1","one lying person breathing, one person walking back and forth on the same path","pasted_text","59.40","663","0","1","52","1021:4","0","","","","","","RADAR,663,0,1,52,1021:4",""
"one_breathing_one_walking","2","1","1","1","one lying person breathing, one person walking back and forth on the same path","pasted_text","59.94","669","5","2","120","1020:60;1021:4","0","","","","","","RADAR,669,5,2,120,1020:60;1021:4",""
"one_breathing_one_walking","2","1","1","1","one lying person breathing, one person walking back and forth on the same path","pasted_text","60.48","675","98","2","864","1020:804;1021:4","0","","","","","","RADAR,675,98,2,864,1020:804;1021:4",""
"one_breathing_one_walking","2","1","1","1","one lying person breathing, one person walking back and forth on the same path","pasted_text","60.93","680","149","4","1546","1020:1212","0","","","","","","RADAR,680,149,4,1546,1020:1212",""
"one_breathing_one_walking","2","1","1","1","one lying person breathing, one person walking back and forth on the same path","pasted_text","61.56","687","149","4","1549","1020:1212;1010:112;1011:149","0","","","","","","RADAR,687,149,4,1549,1020:1212;1010:112;1011:149",""
"one_breathing_one_walking","2","1","1","1","one lying person breathing, one person walking back and forth on the same path","pasted_text","62.19","694","102","4","1028","1020:836;1010:112;1011:4;1021:4","0","","","","","","RADAR,694,102,4,1028,1020:836;1010:112;1011:4;1021:4",""
"one_breathing_one_walking","2","1","1","1","one lying person breathing, one person walking back and forth on the same path","pasted_text","62.73","700","125","4","1308","1020:1020;1010:112;1011:100;1021:4","0","","","","","","RADAR,700,125,4,1308,1020:1020;1010:112;1011:100;1021:4",""
"one_breathing_one_walking","2","1","1","1","one lying person breathing, one person walking back and forth on the same path","pasted_text","63.27","706","149","4","1501","1020:1212;1010:112;1011:101;1021:4","0","","","","","","RADAR,706,149,4,1501,1020:1212;1010:112;1011:101;1021:4",""
"one_breathing_one_walking","2","1","1","1","one lying person breathing, one person walking back and forth on the same path","pasted_text","63.81","712","102","4","1104","1020:836","0","","","","","","RADAR,712,102,4,1104,1020:836",""
"one_breathing_one_walking","2","1","1","1","one lying person breathing, one person walking back and forth on the same path","pasted_text","64.44","719","133","4","1402","1020:1084;1010:112;1011:130;1021:4","0","","","","","","RADAR,719,133,4,1402,1020:1084;1010:112;1011:130;1021:4",""
"one_breathing_one_walking","2","1","1","1","one lying person breathing, one person walking back and forth on the same path","pasted_text","64.98","725","10","4","381","1020:100;1010:112;1011:93;1021:4","0","","","","","","RADAR,725,10,4,381,1020:100;1010:112;1011:93;1021:4",""
"one_breathing_one_walking","2","1","1","1","one lying person breathing, one person walking back and forth on the same path","pasted_text","65.52","731","25","4","444","1020:220;1010:112;1011:36;1021:4","0","","","","","","RADAR,731,25,4,444,1020:220;1010:112;1011:36;1021:4",""
"one_breathing_one_walking","2","1","1","1","one lying person breathing, one person walking back and forth on the same path","pasted_text","65.97","736","2","5","370","1020:36;1010:112;1011:2;1021:4;1040:136","1","0","54","0.0635","80.4","20.1","RADAR,736,2,5,370,1020:36;1010:112;1011:2;1021:4;1040:136","VITAL,736,id=0,rangeBin=54,breathDev=0.0635,heartRate=80.4,breathRate=20.1"
"one_breathing_one_walking","2","1","1","1","one lying person breathing, one person walking back and forth on the same path","pasted_text","66.51","742","0","2","172","1010:112;1021:4","0","","","","","","RADAR,742,0,2,172,1010:112;1021:4",""
"one_breathing_one_walking","2","1","1","1","one lying person breathing, one person walking back and forth on the same path","pasted_text","67.05","748","0","2","172","1010:112;1021:4","0","","","","","","RADAR,748,0,2,172,1010:112;1021:4",""
"one_breathing_one_walking","2","1","1","1","one lying person breathing, one person walking back and forth on the same path","pasted_text","67.59","754","0","2","172","1010:112;1021:4","0","","","","","","RADAR,754,0,2,172,1010:112;1021:4",""
"one_breathing_one_walking","2","1","1","1","one lying person breathing, one person walking back and forth on the same path","pasted_text","68.13","760","0","2","172","1010:112;1021:4","0","","","","","","RADAR,760,0,2,172,1010:112;1021:4",""
"one_breathing_one_walking","2","1","1","1","one lying person breathing, one person walking back and forth on the same path","pasted_text","68.67","766","0","2","172","1010:112;1021:4","0","","","","","","RADAR,766,0,2,172,1010:112;1021:4",""
"one_breathing_one_walking","2","1","1","1","one lying person breathing, one person walking back and forth on the same path","pasted_text","69.21","772","0","2","172","1010:112;1021:4","0","","","","","","RADAR,772,0,2,172,1010:112;1021:4",""
"one_breathing_one_walking","2","1","1","1","one lying person breathing, one person walking back and forth on the same path","pasted_text","69.75","778","0","2","172","1010:112;1021:4","0","","","","","","RADAR,778,0,2,172,1010:112;1021:4",""
"one_breathing_one_walking","2","1","1","1","one lying person breathing, one person walking back and forth on the same path","pasted_text","70.29","784","0","2","196","1021:4;1040:136","1","0","110","0.0621","58.6","18.4","RADAR,784,0,2,196,1021:4;1040:136","VITAL,784,id=0,rangeBin=110,breathDev=0.0621,heartRate=58.6,breathRate=18.4"
"one_breathing_one_walking","2","1","1","1","one lying person breathing, one person walking back and forth on the same path","pasted_text","70.92","791","0","1","52","1021:4","0","","","","","","RADAR,791,0,1,52,1021:4",""
"one_breathing_one_walking","2","1","1","1","one lying person breathing, one person walking back and forth on the same path","pasted_text","71.46","797","0","1","52","1021:4","0","","","","","","RADAR,797,0,1,52,1021:4",""
"one_breathing_one_walking","2","1","1","1","one lying person breathing, one person walking back and forth on the same path","pasted_text","72.00","803","0","1","52","1021:4","0","","","","","","RADAR,803,0,1,52,1021:4",""
"one_breathing_one_walking","2","1","1","1","one lying person breathing, one person walking back and forth on the same path","pasted_text","72.54","809","0","1","52","1021:4","0","","","","","","RADAR,809,0,1,52,1021:4",""
"one_breathing_one_walking","2","1","1","1","one lying person breathing, one person walking back and forth on the same path","pasted_text","73.08","815","0","1","52","1021:4","0","","","","","","RADAR,815,0,1,52,1021:4",""
"one_breathing_one_walking","2","1","1","1","one lying person breathing, one person walking back and forth on the same path","pasted_text","73.62","821","0","1","52","1021:4","0","","","","","","RADAR,821,0,1,52,1021:4",""
"one_breathing_one_walking","2","1","1","1","one lying person breathing, one person walking back and forth on the same path","pasted_text","74.16","827","0","1","52","1021:4","0","","","","","","RADAR,827,0,1,52,1021:4",""
"one_breathing_one_walking","2","1","1","1","one lying person breathing, one person walking back and forth on the same path","pasted_text","74.70","833","0","1","52","1021:4","0","","","","","","RADAR,833,0,1,52,1021:4",""
"one_breathing_one_walking","2","1","1","1","one lying person breathing, one person walking back and forth on the same path","pasted_text","75.24","839","0","1","52","1021:4","0","","","","","","RADAR,839,0,1,52,1021:4",""
"one_breathing_one_walking","2","1","1","1","one lying person breathing, one person walking back and forth on the same path","pasted_text","75.78","845","2","2","96","1020:36;1021:4","0","","","","","","RADAR,845,2,2,96,1020:36;1021:4",""
"one_breathing_one_walking","2","1","1","1","one lying person breathing, one person walking back and forth on the same path","pasted_text","76.32","851","0","1","52","1021:4","0","","","","","","RADAR,851,0,1,52,1021:4",""
"one_breathing_one_walking","2","1","1","1","one lying person breathing, one person walking back and forth on the same path","pasted_text","76.86","857","0","1","52","1021:4","0","","","","","","RADAR,857,0,1,52,1021:4",""
"one_breathing_one_walking","2","1","1","1","one lying person breathing, one person walking back and forth on the same path","pasted_text","77.40","863","0","1","52","1021:4","0","","","","","","RADAR,863,0,1,52,1021:4",""
"one_breathing_one_walking","2","1","1","1","one lying person breathing, one person walking back and forth on the same path","pasted_text","77.94","869","0","1","52","1021:4","0","","","","","","RADAR,869,0,1,52,1021:4",""
"one_breathing_one_walking","2","1","1","1","one lying person breathing, one person walking back and forth on the same path","pasted_text","78.48","875","0","1","52","1021:4","0","","","","","","RADAR,875,0,1,52,1021:4",""
"one_breathing_one_walking","2","1","1","1","one lying person breathing, one person walking back and forth on the same path","pasted_text","78.93","880","3","3","248","1020:44;1021:4;1040:136","1","0","134","0.0312","55.2","11.7","RADAR,880,3,3,248,1020:44;1021:4;1040:136","VITAL,880,id=0,rangeBin=134,breathDev=0.0312,heartRate=55.2,breathRate=11.7"
"one_breathing_one_walking","2","1","1","1","one lying person breathing, one person walking back and forth on the same path","pasted_text","79.47","886","44","4","562","1020:372;1010:112;1011:2;1021:4","0","","","","","","RADAR,886,44,4,562,1020:372;1010:112;1011:2;1021:4",""
"one_breathing_one_walking","2","1","1","1","one lying person breathing, one person walking back and forth on the same path","pasted_text","80.01","892","105","4","1119","1020:860","0","","","","","","RADAR,892,105,4,1119,1020:860",""
"one_breathing_one_walking","2","1","1","1","one lying person breathing, one person walking back and forth on the same path","pasted_text","80.55","898","77","4","887","1020:636","0","","","","","","RADAR,898,77,4,887,1020:636",""
"one_breathing_one_walking","2","1","1","1","one lying person breathing, one person walking back and forth on the same path","pasted_text","81.18","905","72","4","872","1020:596;1010:112;1011:88;1021:4","0","","","","","","RADAR,905,72,4,872,1020:596;1010:112;1011:88;1021:4",""
"one_breathing_one_walking","2","1","1","1","one lying person breathing, one person walking back and forth on the same path","pasted_text","81.72","911","149","4","1494","1020:1212","0","","","","","","RADAR,911,149,4,1494,1020:1212",""
"one_breathing_one_walking","2","1","1","1","one lying person breathing, one person walking back and forth on the same path","pasted_text","82.35","918","114","4","1136","1020:932;1010:112;1011:16;1021:4","0","","","","","","RADAR,918,114,4,1136,1020:932;1010:112;1011:16;1021:4",""
"one_breathing_one_walking","2","1","1","1","one lying person breathing, one person walking back and forth on the same path","pasted_text","82.89","924","143","4","1475","1020:1164;1010:112;1011:123","0","","","","","","RADAR,924,143,4,1475,1020:1164;1010:112;1011:123",""
"one_breathing_one_walking","2","1","1","1","one lying person breathing, one person walking back and forth on the same path","pasted_text","83.52","931","149","4","1492","1020:1212;1010:112;1011:92;1021:4","0","","","","","","RADAR,931,149,4,1492,1020:1212;1010:112;1011:92;1021:4",""
"one_breathing_one_walking","2","1","1","1","one lying person breathing, one person walking back and forth on the same path","pasted_text","83.97","936","88","4","1061","1020:724","0","","","","","","RADAR,936,88,4,1061,1020:724",""
"one_breathing_one_walking","2","1","1","1","one lying person breathing, one person walking back and forth on the same path","pasted_text","84.60","943","17","4","405","1020:156;1010:112","0","","","","","","RADAR,943,17,4,405,1020:156;1010:112",""
"one_breathing_one_walking","2","1","1","1","one lying person breathing, one person walking back and forth on the same path","pasted_text","85.23","950","31","4","477","1020:268;1010:112;1011:21;1021:4","0","","","","","","RADAR,950,31,4,477,1020:268;1010:112;1011:21;1021:4",""
"one_breathing_one_walking","2","1","1","1","one lying person breathing, one person walking back and forth on the same path","pasted_text","85.77","956","0","2","172","1010:112;1021:4","0","","","","","","RADAR,956,0,2,172,1010:112;1021:4",""
"one_breathing_one_walking","2","1","1","1","one lying person breathing, one person walking back and forth on the same path","pasted_text","86.31","962","0","2","172","1010:112;1021:4","0","","","","","","RADAR,962,0,2,172,1010:112;1021:4",""
"one_breathing_one_walking","2","1","1","1","one lying person breathing, one person walking back and forth on the same path","pasted_text","86.85","968","0","2","172","1010:112;1021:4","0","","","","","","RADAR,968,0,2,172,1010:112;1021:4",""
"one_breathing_one_walking","2","1","1","1","one lying person breathing, one person walking back and forth on the same path","pasted_text","87.39","974","0","2","172","1010:112;1021:4","0","","","","","","RADAR,974,0,2,172,1010:112;1021:4",""
"one_breathing_one_walking","2","1","1","1","one lying person breathing, one person walking back and forth on the same path","pasted_text","87.93","980","0","2","172","1010:112;1021:4","0","","","","","","RADAR,980,0,2,172,1010:112;1021:4",""
"one_breathing_one_walking","2","1","1","1","one lying person breathing, one person walking back and forth on the same path","pasted_text","88.47","986","0","2","172","1010:112;1021:4","0","","","","","","RADAR,986,0,2,172,1010:112;1021:4",""
"one_breathing_one_walking","2","1","1","1","one lying person breathing, one person walking back and forth on the same path","pasted_text","89.01","992","2","3","240","1020:36;1021:4;1040:136","1","0","21","0.0332","65.3","13.4","RADAR,992,2,3,240,1020:36;1021:4;1040:136","VITAL,992,id=0,rangeBin=21,breathDev=0.0332,heartRate=65.3,breathRate=13.4"
"one_breathing_one_walking","2","1","1","1","one lying person breathing, one person walking back and forth on the same path","pasted_text","89.55","998","0","1","52","1021:4","0","","","","","","RADAR,998,0,1,52,1021:4",""
"one_breathing_one_walking","2","1","1","1","one lying person breathing, one person walking back and forth on the same path","pasted_text","90.09","1004","0","1","52","1021:4","0","","","","","","RADAR,1004,0,1,52,1021:4",""
"one_breathing_one_walking","2","1","1","1","one lying person breathing, one person walking back and forth on the same path","pasted_text","90.63","1010","1","2","88","1020:28;1021:4","0","","","","","","RADAR,1010,1,2,88,1020:28;1021:4",""
"one_breathing_one_walking","2","1","1","1","one lying person breathing, one person walking back and forth on the same path","pasted_text","91.17","1016","24","2","272","1020:212;1021:4","0","","","","","","RADAR,1016,24,2,272,1020:212;1021:4",""
"one_breathing_one_walking","2","1","1","1","one lying person breathing, one person walking back and forth on the same path","pasted_text","91.71","1022","126","4","1307","1020:1028;1010:112;1011:91;1021:4","0","","","","","","RADAR,1022,126,4,1307,1020:1028;1010:112;1011:91;1021:4",""
"one_breathing_one_walking","2","1","1","1","one lying person breathing, one person walking back and forth on the same path","pasted_text","92.25","1028","149","4","1549","1020:1212;1010:112;1011:149;1021:4","0","","","","","","RADAR,1028,149,4,1549,1020:1212;1010:112;1011:149;1021:4",""
"one_breathing_one_walking","2","1","1","1","one lying person breathing, one person walking back and forth on the same path","pasted_text","92.79","1034","0","3","298","1010:112;1011:118;1021:4","0","","","","","","RADAR,1034,0,3,298,1010:112;1011:118;1021:4",""
"one_breathing_one_walking","2","1","1","1","one lying person breathing, one person walking back and forth on the same path","pasted_text","93.33","1040","86","5","1126","1020:708;1010:112;1011:86;1021:4;1040:136","1","0","20","0.0284","63.6","8.4","RADAR,1040,86,5,1126,1020:708;1010:112;1011:86;1021:4;1040:136","VITAL,1040,id=0,rangeBin=20,breathDev=0.0284,heartRate=63.6,breathRate=8.4"
"one_breathing_one_walking","2","1","1","1","one lying person breathing, one person walking back and forth on the same path","pasted_text","93.87","1046","38","4","519","1020:324;1010:112;1011:7;1021:4","0","","","","","","RADAR,1046,38,4,519,1020:324;1010:112;1011:7;1021:4",""
"one_breathing_one_walking","2","1","1","1","one lying person breathing, one person walking back and forth on the same path","pasted_text","94.41","1052","114","4","1198","1020:932;1010:112;1011:78;1021:4","0","","","","","","RADAR,1052,114,4,1198,1020:932;1010:112;1011:78;1021:4",""
"one_breathing_one_walking","2","1","1","1","one lying person breathing, one person walking back and forth on the same path","pasted_text","94.95","1058","58","4","810","1020:484;1010:112;1011:138;1021:4","0","","","","","","RADAR,1058,58,4,810,1020:484;1010:112;1011:138;1021:4",""
"one_breathing_one_walking","2","1","1","1","one lying person breathing, one person walking back and forth on the same path","pasted_text","95.49","1064","67","4","818","1020:556;1010:112;1011:74;1021:4","0","","","","","","RADAR,1064,67,4,818,1020:556;1010:112;1011:74;1021:4",""
"one_breathing_one_walking","2","1","1","1","one lying person breathing, one person walking back and forth on the same path","pasted_text","96.03","1070","47","4","622","1020:396","0","","","","","","RADAR,1070,47,4,622,1020:396",""
"one_breathing_one_walking","2","1","1","1","one lying person breathing, one person walking back and forth on the same path","pasted_text","96.66","1077","8","3","264","1020:84;1010:112;1021:4","0","","","","","","RADAR,1077,8,3,264,1020:84;1010:112;1021:4",""
"one_breathing_one_walking","2","1","1","1","one lying person breathing, one person walking back and forth on the same path","pasted_text","97.20","1083","0","2","172","1010:112;1021:4","0","","","","","","RADAR,1083,0,2,172,1010:112;1021:4",""
"one_breathing_one_walking","2","1","1","1","one lying person breathing, one person walking back and forth on the same path","pasted_text","97.74","1089","0","2","172","1010:112;1021:4","0","","","","","","RADAR,1089,0,2,172,1010:112;1021:4",""
"one_breathing_one_walking","2","1","1","1","one lying person breathing, one person walking back and forth on the same path","pasted_text","98.28","1095","0","2","172","1010:112;1021:4","0","","","","","","RADAR,1095,0,2,172,1010:112;1021:4",""
"one_breathing_one_walking","2","1","1","1","one lying person breathing, one person walking back and forth on the same path","pasted_text","98.82","1101","0","2","172","1010:112;1021:4","0","","","","","","RADAR,1101,0,2,172,1010:112;1021:4",""
"one_breathing_one_walking","2","1","1","1","one lying person breathing, one person walking back and forth on the same path","pasted_text","99.36","1107","0","2","172","1010:112;1021:4","0","","","","","","RADAR,1107,0,2,172,1010:112;1021:4",""
"one_breathing_one_walking","2","1","1","1","one lying person breathing, one person walking back and forth on the same path","pasted_text","99.90","1113","0","2","172","1010:112;1021:4","0","","","","","","RADAR,1113,0,2,172,1010:112;1021:4",""
"one_breathing_one_walking","2","1","1","1","one lying person breathing, one person walking back and forth on the same path","pasted_text","100.44","1119","0","2","172","1010:112;1021:4","0","","","","","","RADAR,1119,0,2,172,1010:112;1021:4",""
"one_breathing_one_walking","2","1","1","1","one lying person breathing, one person walking back and forth on the same path","pasted_text","100.98","1125","0","2","172","1010:112;1021:4","0","","","","","","RADAR,1125,0,2,172,1010:112;1021:4",""
"one_breathing_one_walking","2","1","1","1","one lying person breathing, one person walking back and forth on the same path","pasted_text","101.52","1131","0","2","172","1010:112;1021:4","0","","","","","","RADAR,1131,0,2,172,1010:112;1021:4",""
"one_breathing_one_walking","2","1","1","1","one lying person breathing, one person walking back and forth on the same path","pasted_text","101.97","1136","0","3","316","1010:112;1021:4;1040:136","1","0","75","0.0406","63.6","18.4","RADAR,1136,0,3,316,1010:112;1021:4;1040:136","VITAL,1136,id=0,rangeBin=75,breathDev=0.0406,heartRate=63.6,breathRate=18.4"
"one_breathing_one_walking","2","1","1","1","one lying person breathing, one person walking back and forth on the same path","pasted_text","102.51","1142","0","3","182","1010:112;1011:2;1021:4","0","","","","","","RADAR,1142,0,3,182,1010:112;1011:2;1021:4",""
"one_breathing_one_walking","2","1","1","1","one lying person breathing, one person walking back and forth on the same path","pasted_text","103.05","1148","0","2","172","1010:112;1021:4","0","","","","","","RADAR,1148,0,2,172,1010:112;1021:4",""
"one_breathing_one_walking","2","1","1","1","one lying person breathing, one person walking back and forth on the same path","pasted_text","103.59","1154","0","2","172","1010:112;1021:4","0","","","","","","RADAR,1154,0,2,172,1010:112;1021:4",""
"one_breathing_one_walking","2","1","1","1","one lying person breathing, one person walking back and forth on the same path","pasted_text","104.13","1160","0","2","172","1010:112;1021:4","0","","","","","","RADAR,1160,0,2,172,1010:112;1021:4",""
"one_breathing_one_walking","2","1","1","1","one lying person breathing, one person walking back and forth on the same path","pasted_text","104.67","1166","0","2","172","1010:112;1021:4","0","","","","","","RADAR,1166,0,2,172,1010:112;1021:4",""
"one_breathing_one_walking","2","1","1","1","one lying person breathing, one person walking back and forth on the same path","pasted_text","105.21","1172","0","2","172","1010:112;1021:4","0","","","","","","RADAR,1172,0,2,172,1010:112;1021:4",""
"one_breathing_one_walking","2","1","1","1","one lying person breathing, one person walking back and forth on the same path","pasted_text","105.75","1178","0","2","172","1010:112;1021:4","0","","","","","","RADAR,1178,0,2,172,1010:112;1021:4",""
"one_breathing_one_walking","2","1","1","1","one lying person breathing, one person walking back and forth on the same path","pasted_text","106.29","1184","1","5","361","1020:28;1010:112;1011:1;1021:4;1040:136","1","0","75","0.0151","65.3","18.4","RADAR,1184,1,5,361,1020:28;1010:112;1011:1;1021:4;1040:136","VITAL,1184,id=0,rangeBin=75,breathDev=0.0151,heartRate=65.3,breathRate=18.4"
"one_breathing_one_walking","2","1","1","1","one lying person breathing, one person walking back and forth on the same path","pasted_text","106.92","1191","0","2","172","1010:112;1021:4","0","","","","","","RADAR,1191,0,2,172,1010:112;1021:4",""
"one_breathing_one_walking","2","1","1","1","one lying person breathing, one person walking back and forth on the same path","pasted_text","107.46","1197","0","2","172","1010:112;1021:4","0","","","","","","RADAR,1197,0,2,172,1010:112;1021:4",""
"one_breathing_one_walking","2","1","1","1","one lying person breathing, one person walking back and forth on the same path","pasted_text","108.00","1203","0","2","172","1010:112;1021:4","0","","","","","","RADAR,1203,0,2,172,1010:112;1021:4",""
"one_breathing_one_walking","2","1","1","1","one lying person breathing, one person walking back and forth on the same path","pasted_text","108.54","1209","0","2","172","1010:112;1021:4","0","","","","","","RADAR,1209,0,2,172,1010:112;1021:4",""
"one_breathing_one_walking","2","1","1","1","one lying person breathing, one person walking back and forth on the same path","pasted_text","109.08","1215","3","3","224","1020:44;1010:112;1021:4","0","","","","","","RADAR,1215,3,3,224,1020:44;1010:112;1021:4",""
"one_breathing_one_walking","2","1","1","1","one lying person breathing, one person walking back and forth on the same path","pasted_text","109.62","1221","0","2","172","1010:112;1021:4","0","","","","","","RADAR,1221,0,2,172,1010:112;1021:4",""
"one_breathing_one_walking","2","1","1","1","one lying person breathing, one person walking back and forth on the same path","pasted_text","110.16","1227","1","4","219","1020:28;1010:112;1011:3;1021:4","0","","","","","","RADAR,1227,1,4,219,1020:28;1010:112;1011:3;1021:4",""
"one_breathing_one_walking","2","1","1","1","one lying person breathing, one person walking back and forth on the same path","pasted_text","110.70","1233","0","2","172","1010:112;1021:4","0","","","","","","RADAR,1233,0,2,172,1010:112;1021:4",""
"one_breathing_one_walking","2","1","1","1","one lying person breathing, one person walking back and forth on the same path","pasted_text","111.24","1239","0","2","172","1010:112;1021:4","0","","","","","","RADAR,1239,0,2,172,1010:112;1021:4",""
"one_breathing_one_walking","2","1","1","1","one lying person breathing, one person walking back and forth on the same path","pasted_text","111.78","1245","0","2","172","1010:112;1021:4","0","","","","","","RADAR,1245,0,2,172,1010:112;1021:4",""
"one_breathing_one_walking","2","1","1","1","one lying person breathing, one person walking back and forth on the same path","pasted_text","112.32","1251","116","4","1142","1020:948;1010:112;1011:6;1021:4","0","","","","","","RADAR,1251,116,4,1142,1020:948;1010:112;1011:6;1021:4",""
"one_breathing_one_walking","2","1","1","1","one lying person breathing, one person walking back and forth on the same path","pasted_text","112.86","1257","86","4","958","1020:708;1010:112;1011:62;1021:4","0","","","","","","RADAR,1257,86,4,958,1020:708;1010:112;1011:62;1021:4",""
"one_breathing_one_walking","2","1","1","1","one lying person breathing, one person walking back and forth on the same path","pasted_text","113.40","1263","58","4","797","1020:484;1010:112;1011:125;1021:4","0","","","","","","RADAR,1263,58,4,797,1020:484;1010:112;1011:125;1021:4",""
"one_breathing_one_walking","2","1","1","1","one lying person breathing, one person walking back and forth on the same path","pasted_text","113.85","1268","149","4","1508","1020:1212","0","","","","","","RADAR,1268,149,4,1508,1020:1212",""
"one_breathing_one_walking","2","1","1","1","one lying person breathing, one person walking back and forth on the same path","pasted_text","114.48","1275","149","4","1530","1020:1212;1010:112;1011:130;1021:4","0","","","","","","RADAR,1275,149,4,1530,1020:1212;1010:112;1011:130;1021:4",""
"one_breathing_one_walking","2","1","1","1","one lying person breathing, one person walking back and forth on the same path","pasted_text","115.02","1281","149","4","1416","1020:1212","0","","","","","","RADAR,1281,149,4,1416,1020:1212",""
"one_breathing_one_walking","2","1","1","1","one lying person breathing, one person walking back and forth on the same path","pasted_text","115.56","1287","113","4","1199","1020:924","0","","","","","","RADAR,1287,113,4,1199,1020:924",""
"one_breathing_one_walking","2","1","1","1","one lying person breathing, one person walking back and forth on the same path","pasted_text","116.19","1294","109","4","1206","1020:892;1010:112;1011:126;1021:4","0","","","","","","RADAR,1294,109,4,1206,1020:892;1010:112;1011:126;1021:4",""
"one_breathing_one_walking","2","1","1","1","one lying person breathing, one person walking back and forth on the same path","pasted_text","116.73","1300","37","4","578","1020:316;1010:112;1011:74;1021:4","0","","","","","","RADAR,1300,37,4,578,1020:316;1010:112;1011:74;1021:4",""
"one_breathing_one_walking","2","1","1","1","one lying person breathing, one person walking back and forth on the same path","pasted_text","117.27","1306","0","2","172","1010:112;1021:4","0","","","","","","RADAR,1306,0,2,172,1010:112;1021:4",""
"one_breathing_one_walking","2","1","1","1","one lying person breathing, one person walking back and forth on the same path","pasted_text","117.81","1312","0","3","316","1010:112;1021:4;1040:136","1","0","20","0.0057","61.9","8.4","RADAR,1312,0,3,316,1010:112;1021:4;1040:136","VITAL,1312,id=0,rangeBin=20,breathDev=0.0057,heartRate=61.9,breathRate=8.4"
"one_breathing_one_walking","2","1","1","1","one lying person breathing, one person walking back and forth on the same path","pasted_text","118.35","1318","0","2","172","1010:112;1021:4","0","","","","","","RADAR,1318,0,2,172,1010:112;1021:4",""
"one_breathing_one_walking","2","1","1","1","one lying person breathing, one person walking back and forth on the same path","pasted_text","118.89","1324","0","2","172","1010:112;1021:4","0","","","","","","RADAR,1324,0,2,172,1010:112;1021:4",""
"one_breathing_one_walking","2","1","1","1","one lying person breathing, one person walking back and forth on the same path","pasted_text","119.43","1330","0","2","172","1010:112;1021:4","0","","","","","","RADAR,1330,0,2,172,1010:112;1021:4",""
"one_breathing_one_walking","2","1","1","1","one lying person breathing, one person walking back and forth on the same path","pasted_text","119.97","1336","0","2","172","1010:112;1021:4","0","","","","","","RADAR,1336,0,2,172,1010:112;1021:4",""
"one_breathing_one_walking","2","1","1","1","one lying person breathing, one person walking back and forth on the same path","pasted_text","120.51","1342","0","2","172","1010:112;1021:4","0","","","","","","RADAR,1342,0,2,172,1010:112;1021:4",""
"one_breathing_one_walking","2","1","1","1","one lying person breathing, one person walking back and forth on the same path","pasted_text","121.05","1348","0","2","172","1010:112;1021:4","0","","","","","","RADAR,1348,0,2,172,1010:112;1021:4",""
"one_breathing_one_walking","2","1","1","1","one lying person breathing, one person walking back and forth on the same path","pasted_text","121.59","1354","0","1","52","1021:4","0","","","","","","RADAR,1354,0,1,52,1021:4",""
"one_breathing_one_walking","2","1","1","1","one lying person breathing, one person walking back and forth on the same path","pasted_text","122.13","1360","0","2","196","1021:4;1040:136","1","0","22","0.0282","63.6","11.7","RADAR,1360,0,2,196,1021:4;1040:136","VITAL,1360,id=0,rangeBin=22,breathDev=0.0282,heartRate=63.6,breathRate=11.7"
"one_breathing_one_walking","2","1","1","1","one lying person breathing, one person walking back and forth on the same path","pasted_text","122.76","1367","0","1","52","1021:4","0","","","","","","RADAR,1367,0,1,52,1021:4",""
"one_breathing_one_walking","2","1","1","1","one lying person breathing, one person walking back and forth on the same path","pasted_text","123.30","1373","0","1","52","1021:4","0","","","","","","RADAR,1373,0,1,52,1021:4",""
"one_breathing_one_walking","2","1","1","1","one lying person breathing, one person walking back and forth on the same path","pasted_text","123.84","1379","0","1","52","1021:4","0","","","","","","RADAR,1379,0,1,52,1021:4",""
"one_breathing_one_walking","2","1","1","1","one lying person breathing, one person walking back and forth on the same path","pasted_text","124.38","1385","18","2","224","1020:164;1021:4","0","","","","","","RADAR,1385,18,2,224,1020:164;1021:4",""
"one_breathing_one_walking","2","1","1","1","one lying person breathing, one person walking back and forth on the same path","pasted_text","124.92","1391","137","4","1375","1020:1116","0","","","","","","RADAR,1391,137,4,1375,1020:1116",""
"one_breathing_one_walking","2","1","1","1","one lying person breathing, one person walking back and forth on the same path","pasted_text","125.55","1398","121","4","1181","1020:988","0","","","","","","RADAR,1398,121,4,1181,1020:988",""
"one_breathing_one_walking","2","1","1","1","one lying person breathing, one person walking back and forth on the same path","pasted_text","126.18","1405","149","4","1549","1020:1212;1010:112;1011:149;1021:4","0","","","","","","RADAR,1405,149,4,1549,1020:1212;1010:112;1011:149;1021:4",""
"one_breathing_one_walking","2","1","1","1","one lying person breathing, one person walking back and forth on the same path","pasted_text","126.63","1410","85","4","1037","1020:700","0","","","","","","RADAR,1410,85,4,1037,1020:700",""
"one_breathing_one_walking","2","1","1","1","one lying person breathing, one person walking back and forth on the same path","pasted_text","127.26","1417","107","4","1124","1020:876;1010:112;1011:60;1021:4","0","","","","","","RADAR,1417,107,4,1124,1020:876;1010:112;1011:60;1021:4",""
"one_breathing_one_walking","2","1","1","1","one lying person breathing, one person walking back and forth on the same path","pasted_text","127.71","1422","43","4","599","1020:364;112:0","0","","","","","","RADAR,1422,43,4,599,1020:364;112:0",""
"one_breathing_one_walking","2","1","1","1","one lying person breathing, one person walking back and forth on the same path","pasted_text","128.25","1428","103","4","1113","1020:844","0","","","","","","RADAR,1428,103,4,1113,1020:844",""
"one_breathing_one_walking","2","1","1","1","one lying person breathing, one person walking back and forth on the same path","pasted_text","128.88","1435","37","4","561","1020:316;1010:112;1011:57;1021:4","0","","","","","","RADAR,1435,37,4,561,1020:316;1010:112;1011:57;1021:4",""
"one_breathing_one_walking","2","1","1","1","one lying person breathing, one person walking back and forth on the same path","pasted_text","129.42","1441","0","3","181","1010:112;1011:1;1021:4","0","","","","","","RADAR,1441,0,3,181,1010:112;1011:1;1021:4",""
"one_breathing_one_walking","2","1","1","1","one lying person breathing, one person walking back and forth on the same path","pasted_text","129.96","1447","0","2","172","1010:112;1021:4","0","","","","","","RADAR,1447,0,2,172,1010:112;1021:4",""
"one_breathing_one_walking","2","1","1","1","one lying person breathing, one person walking back and forth on the same path","pasted_text","130.50","1453","0","2","172","1010:112;1021:4","0","","","","","","RADAR,1453,0,2,172,1010:112;1021:4",""
"one_breathing_one_walking","2","1","1","1","one lying person breathing, one person walking back and forth on the same path","pasted_text","131.04","1459","0","2","172","1010:112;1021:4","0","","","","","","RADAR,1459,0,2,172,1010:112;1021:4",""
"one_breathing_one_walking","2","1","1","1","one lying person breathing, one person walking back and forth on the same path","pasted_text","131.58","1465","0","2","172","1010:112;1021:4","0","","","","","","RADAR,1465,0,2,172,1010:112;1021:4",""
"one_breathing_one_walking","2","1","1","1","one lying person breathing, one person walking back and forth on the same path","pasted_text","132.12","1471","0","2","172","1010:112;1021:4","0","","","","","","RADAR,1471,0,2,172,1010:112;1021:4",""
"one_breathing_one_walking","2","1","1","1","one lying person breathing, one person walking back and forth on the same path","pasted_text","132.66","1477","0","2","172","1010:112;1021:4","0","","","","","","RADAR,1477,0,2,172,1010:112;1021:4",""
"one_breathing_one_walking","2","1","1","1","one lying person breathing, one person walking back and forth on the same path","pasted_text","133.20","1483","0","2","172","1010:112;1021:4","0","","","","","","RADAR,1483,0,2,172,1010:112;1021:4",""
"one_breathing_one_walking","2","1","1","1","one lying person breathing, one person walking back and forth on the same path","pasted_text","133.74","1489","0","2","172","1010:112;1021:4","0","","","","","","RADAR,1489,0,2,172,1010:112;1021:4",""
"one_breathing_one_walking","2","1","1","1","one lying person breathing, one person walking back and forth on the same path","pasted_text","134.28","1495","0","2","172","1010:112;1021:4","0","","","","","","RADAR,1495,0,2,172,1010:112;1021:4",""
"one_breathing_one_walking","2","1","1","1","one lying person breathing, one person walking back and forth on the same path","pasted_text","134.82","1501","0","2","172","1010:112;1021:4","0","","","","","","RADAR,1501,0,2,172,1010:112;1021:4",""
"one_breathing_one_walking","2","1","1","1","one lying person breathing, one person walking back and forth on the same path","pasted_text","135.36","1507","0","2","172","1010:112;1021:4","0","","","","","","RADAR,1507,0,2,172,1010:112;1021:4",""
"one_breathing_one_walking","2","1","1","1","one lying person breathing, one person walking back and forth on the same path","pasted_text","135.90","1513","0","2","172","1010:112;1021:4","0","","","","","","RADAR,1513,0,2,172,1010:112;1021:4",""
"one_breathing_one_walking","2","1","1","1","one lying person breathing, one person walking back and forth on the same path","pasted_text","136.44","1519","0","2","172","1010:112;1021:4","0","","","","","","RADAR,1519,0,2,172,1010:112;1021:4",""
"one_breathing_one_walking","2","1","1","1","one lying person breathing, one person walking back and forth on the same path","pasted_text","136.98","1525","1","3","208","1020:28;1010:112;1021:4","0","","","","","","RADAR,1525,1,3,208,1020:28;1010:112;1021:4",""
"one_breathing_one_walking","2","1","1","1","one lying person breathing, one person walking back and forth on the same path","pasted_text","137.52","1531","0","2","172","1010:112;1021:4","0","","","","","","RADAR,1531,0,2,172,1010:112;1021:4",""
"one_breathing_one_walking","2","1","1","1","one lying person breathing, one person walking back and forth on the same path","pasted_text","138.06","1537","0","3","182","1010:112;1011:2;1021:4","0","","","","","","RADAR,1537,0,3,182,1010:112;1011:2;1021:4",""
"one_breathing_one_walking","2","1","1","1","one lying person breathing, one person walking back and forth on the same path","pasted_text","138.60","1543","0","2","172","1010:112;1021:4","0","","","","","","RADAR,1543,0,2,172,1010:112;1021:4",""
"one_breathing_one_walking","2","1","1","1","one lying person breathing, one person walking back and forth on the same path","pasted_text","139.14","1549","0","2","172","1010:112;1021:4","0","","","","","","RADAR,1549,0,2,172,1010:112;1021:4",""
"one_breathing_one_walking","2","1","1","1","one lying person breathing, one person walking back and forth on the same path","pasted_text","139.68","1555","0","2","172","1010:112;1021:4","0","","","","","","RADAR,1555,0,2,172,1010:112;1021:4",""
"one_breathing_one_walking","2","1","1","1","one lying person breathing, one person walking back and forth on the same path","pasted_text","140.22","1561","0","2","172","1010:112;1021:4","0","","","","","","RADAR,1561,0,2,172,1010:112;1021:4",""
"one_breathing_one_walking","2","1","1","1","one lying person breathing, one person walking back and forth on the same path","pasted_text","140.76","1567","0","2","172","1010:112;1021:4","0","","","","","","RADAR,1567,0,2,172,1010:112;1021:4",""
"one_breathing_one_walking","2","1","1","1","one lying person breathing, one person walking back and forth on the same path","pasted_text","141.30","1573","0","2","172","1010:112;1021:4","0","","","","","","RADAR,1573,0,2,172,1010:112;1021:4",""
"one_breathing_one_walking","2","1","1","1","one lying person breathing, one person walking back and forth on the same path","pasted_text","141.84","1579","0","3","182","1010:112;1011:2;1021:4","0","","","","","","RADAR,1579,0,3,182,1010:112;1011:2;1021:4",""
"one_breathing_one_walking","2","1","1","1","one lying person breathing, one person walking back and forth on the same path","pasted_text","142.38","1585","0","2","172","1010:112;1021:4","0","","","","","","RADAR,1585,0,2,172,1010:112;1021:4",""
"one_breathing_one_walking","2","1","1","1","one lying person breathing, one person walking back and forth on the same path","pasted_text","142.92","1591","1","3","208","1020:28;1010:112;1021:4","0","","","","","","RADAR,1591,1,3,208,1020:28;1010:112;1021:4",""
"one_breathing_one_walking","2","1","1","1","one lying person breathing, one person walking back and forth on the same path","pasted_text","143.46","1597","63","4","792","1020:524;1010:112;1011:80;1021:4","0","","","","","","RADAR,1597,63,4,792,1020:524;1010:112;1011:80;1021:4",""
"one_breathing_one_walking","2","1","1","1","one lying person breathing, one person walking back and forth on the same path","pasted_text","144.00","1603","103","4","1110","1020:844;1010:112;1011:78;1021:4","0","","","","","","RADAR,1603,103,4,1110,1020:844;1010:112;1011:78;1021:4",""
"one_breathing_one_walking","2","1","1","1","one lying person breathing, one person walking back and forth on the same path","pasted_text","144.45","1608","89","4","1017","1020:732","0","","","","","","RADAR,1608,89,4,1017,1020:732",""
"one_breathing_one_walking","2","1","1","1","one lying person breathing, one person walking back and forth on the same path","pasted_text","144.99","1614","113","4","1189","1020:924","0","","","","","","RADAR,1614,113,4,1189,1020:924",""
"one_breathing_one_walking","2","1","1","1","one lying person breathing, one person walking back and forth on the same path","pasted_text","145.62","1621","0","3","276","1010:112;1011:96;1021:4","0","","","","","","RADAR,1621,0,3,276,1010:112;1011:96;1021:4",""
"one_breathing_one_walking","2","1","1","1","one lying person breathing, one person walking back and forth on the same path","pasted_text","146.16","1627","149","4","1549","1020:1212;1010:112;1011:149;1021:4","0","","","","","","RADAR,1627,149,4,1549,1020:1212;1010:112;1011:149;1021:4",""
"one_breathing_one_walking","2","1","1","1","one lying person breathing, one person walking back and forth on the same path","pasted_text","146.70","1633","149","4","1442","1020:1212;186:0;0:0;0:0","0","","","","","","RADAR,1633,149,4,1442,1020:1212;186:0;0:0;0:0",""
"one_breathing_one_walking","2","1","1","1","one lying person breathing, one person walking back and forth on the same path","pasted_text","147.33","1640","124","4","1349","1020:1012;1010:112;1011:149;1021:4","0","","","","","","RADAR,1640,124,4,1349,1020:1012;1010:112;1011:149;1021:4",""
"one_breathing_one_walking","2","1","1","1","one lying person breathing, one person walking back and forth on the same path","pasted_text","147.87","1646","31","4","484","1020:268;1010:112;1011:28;1021:4","0","","","","","","RADAR,1646,31,4,484,1020:268;1010:112;1011:28;1021:4",""
"one_breathing_one_walking","2","1","1","1","one lying person breathing, one person walking back and forth on the same path","pasted_text","148.41","1652","0","2","172","1010:112;1021:4","0","","","","","","RADAR,1652,0,2,172,1010:112;1021:4",""
"one_breathing_one_walking","2","1","1","1","one lying person breathing, one person walking back and forth on the same path","pasted_text","148.95","1658","0","2","172","1010:112;1021:4","0","","","","","","RADAR,1658,0,2,172,1010:112;1021:4",""
"one_breathing_one_walking","2","1","1","1","one lying person breathing, one person walking back and forth on the same path","pasted_text","149.49","1664","3","5","379","1020:44;1010:112;1011:3;1021:4;1040:136","1","0","19","0.0017","67.0","16.7","RADAR,1664,3,5,379,1020:44;1010:112;1011:3;1021:4;1040:136","VITAL,1664,id=0,rangeBin=19,breathDev=0.0017,heartRate=67.0,breathRate=16.7"
